Model_Name,Dataset,DPSGD,Clipping_Strategy,Epsilon,Morphology,Operation,Kernel_Size,Learning_Rate,Batch_Size,Run_Number,Iterations,Training_Loss,Training_Time_Seconds,Max_Grad_Norm,Noise_Multiplier,Stage
NestedUNet_DP,LungInfection,True,nsgd,200.0,False,none,0,0.0001,24,1,70,1.0823395252227783,286.9883785247803,1.2,,training
NestedUNet_DP,LungInfection,True,nsgd,200.0,False,none,0,0.0001,24,1,70,1.1237494945526123,291.3791010379791,1.5,,training
NestedUNet_DP,LungInfection,True,nsgd,200.0,False,none,0,0.0001,24,1,70,1.242984652519226,298.39228653907776,2.0,,training
NestedUNet_DP,LungInfection,True,nsgd,200.0,False,none,0,0.0001,24,1,70,1.1596941947937012,280.65148162841797,1.2,,training
NestedUNet_DP,LungInfection,True,nsgd,200.0,False,none,0,0.0001,24,1,70,1.14545476436615,288.808794260025,1.5,,training
NestedUNet_DP,LungInfection,True,nsgd,200.0,False,none,0,0.0001,24,1,70,1.2542685270309448,289.91202330589294,2.0,,training
NestedUNet_DP,LungInfection,True,nsgd,200.0,False,none,0,0.0001,24,2,70,1.1509641408920288,292.1071014404297,1.2,,training
NestedUNet_DP,LungInfection,True,nsgd,200.0,False,none,0,0.0001,24,1,70,1.1095515489578247,303.11995792388916,1.5,,training
NestedUNet_DP,LungInfection,True,nsgd,200.0,False,none,0,0.0001,24,1,70,1.1268694400787354,309.8245391845703,2.0,,training
