model,batch_size,run,dp_enabled,noise_multiplier,epsilon,morph_enabled,morph_operation,mean_dice,max_dice,s_measure,mae,mean_sensitivity,max_sensitivity,mean_specificity,max_specificity,mean_e_measure,max_e_measure,job_id
Inf-Net,24,1,False,,,False,,0.5705,0.6613,0.7004,0.1293,0.6149,1.0,0.905,0.9962,0.7426,0.8739,59954611
Inf-Net,24,2,False,,,False,,0.5919,0.6754,0.6824,0.1515,0.7414,1.0,0.8543,0.9957,0.7348,0.877,59954612
Inf-Net,24,3,False,,,False,,0.5733,0.6666,0.708,0.131,0.6237,1.0,0.896,0.9889,0.7457,0.8736,59954613
Inf-Net,48,1,False,,,False,,0.5537,0.6389,0.6761,0.1488,0.6549,1.0,0.8726,0.9938,0.7233,0.8683,59954614
Inf-Net,48,2,False,,,False,,0.5833,0.6629,0.68,0.1575,0.7115,1.0,0.8514,0.994,0.7283,0.8507,59954615
Inf-Net,48,3,False,,,False,,0.5463,0.6375,0.6439,0.1789,0.747,1.0,0.8261,0.9881,0.6862,0.8542,59954616
Inf-Net,64,1,False,,,False,,0.505,0.5821,0.6409,0.1664,0.5967,1.0,0.8579,0.9926,0.6875,0.8133,59954617
Inf-Net,64,2,False,,,False,,0.511,0.5887,0.6369,0.1791,0.6253,1.0,0.8414,0.9946,0.6803,0.8115,59954618
Inf-Net,64,3,False,,,False,,0.5187,0.5946,0.6478,0.1606,0.6045,1.0,0.8608,0.9779,0.6966,0.8147,59954619
Inf-Net,72,1,False,,,False,,0.5238,0.6028,0.6515,0.1613,0.6143,1.0,0.8604,0.9928,0.7019,0.8332,59954620
Inf-Net,72,2,False,,,False,,0.5057,0.5831,0.6412,0.1693,0.6028,1.0,0.85,0.9934,0.6834,0.8085,59954621
Inf-Net,72,3,False,,,False,,0.505,0.5818,0.6392,0.1678,0.5961,1.0,0.8578,0.9911,0.6877,0.8115,59954622
Inf-Net_DP,24,1,True,0.3,inf,False,,0.496,0.593,0.6344,0.1822,0.6579,1.0,0.8555,0.9987,0.6584,0.8297,59954683
Inf-Net_DP,24,2,True,0.3,inf,False,,0.4858,0.5874,0.6292,0.1888,0.6384,1.0,0.8513,0.9987,0.6465,0.8147,59954684
Inf-Net_DP,24,3,True,0.3,inf,False,,0.4625,0.572,0.6141,0.2026,0.6405,1.0,0.8319,0.9993,0.6225,0.8203,59954685
Inf-Net_DP,24,1,True,0.5,355.21,False,,0.4488,0.5622,0.5912,0.2375,0.6641,1.0,0.7819,0.9795,0.5994,0.8145,59954686
Inf-Net_DP,24,2,True,0.5,355.21,False,,0.4275,0.536,0.5825,0.2448,0.6416,1.0,0.784,0.9988,0.5818,0.7938,59954687
Inf-Net_DP,24,3,True,0.5,355.21,False,,0.4187,0.5287,0.5784,0.2493,0.6456,1.0,0.774,0.9937,0.5725,0.796,59954688
Inf-Net_DP,24,1,True,0.7,171.89,False,,0.3867,0.5068,0.5361,0.3137,0.6928,1.0,0.6885,0.9967,0.5082,0.7818,59954689
Inf-Net_DP,24,2,True,0.7,171.89,False,,0.3918,0.4854,0.5383,0.3069,0.6785,1.0,0.7012,0.9938,0.5257,0.7617,59954690
Inf-Net_DP,24,3,True,0.7,171.89,False,,0.4086,0.5122,0.5605,0.2745,0.6607,1.0,0.7471,0.9987,0.5487,0.7752,59954691
Inf-Net_DP,48,1,True,0.3,inf,False,,0.4672,0.5763,0.6128,0.2021,0.6349,1.0,0.8341,0.9991,0.6302,0.8233,59954692
Inf-Net_DP,48,2,True,0.3,inf,False,,0.498,0.6078,0.6353,0.184,0.6575,1.0,0.8505,0.9948,0.6573,0.8366,59954693
Inf-Net_DP,48,3,True,0.3,inf,False,,0.4729,0.5866,0.6182,0.202,0.6522,1.0,0.8291,0.9964,0.6313,0.8361,59954694
Inf-Net_DP,48,1,True,0.5,414.22,False,,0.3951,0.5176,0.5658,0.2651,0.6371,1.0,0.7523,0.9945,0.5439,0.8046,59954695
Inf-Net_DP,48,2,True,0.5,414.22,False,,0.4112,0.5399,0.5727,0.2524,0.615,1.0,0.768,0.9716,0.5649,0.8035,59954696
Inf-Net_DP,48,3,True,0.5,414.22,False,,0.4318,0.5539,0.5863,0.2472,0.6489,1.0,0.7744,0.9948,0.5762,0.8124,59954697
Inf-Net_DP,48,1,True,0.7,211.07,False,,0.388,0.5177,0.5454,0.2997,0.6632,1.0,0.7123,0.9977,0.5183,0.7961,59954698
Inf-Net_DP,48,2,True,0.7,211.07,False,,0.4374,0.5405,0.5759,0.2562,0.6825,1.0,0.7639,0.9952,0.5775,0.7834,59954699
Inf-Net_DP,48,3,True,0.7,211.07,False,,0.3832,0.509,0.5458,0.3016,0.6686,1.0,0.708,0.9969,0.5136,0.7729,59954700
Inf-Net_DP,64,1,True,0.3,inf,False,,0.5001,0.6097,0.6444,0.1778,0.645,1.0,0.8619,0.9973,0.6573,0.823,59954701
Inf-Net_DP,64,2,True,0.3,inf,False,,0.467,0.566,0.613,0.2036,0.6376,1.0,0.8331,0.9978,0.6306,0.8212,59954702
Inf-Net_DP,64,3,True,0.3,inf,False,,0.4772,0.5845,0.6245,0.193,0.6374,1.0,0.8407,0.9842,0.6406,0.8225,59954703
Inf-Net_DP,64,1,True,0.5,535.81,False,,0.4298,0.5559,0.5809,0.2485,0.6564,1.0,0.7769,0.9982,0.5729,0.8008,59954704
Inf-Net_DP,64,2,True,0.5,535.81,False,,0.4173,0.5238,0.5778,0.2425,0.619,1.0,0.7861,0.9916,0.5797,0.7982,59954705
Inf-Net_DP,64,3,True,0.5,535.81,False,,0.4366,0.5416,0.5903,0.2313,0.6385,1.0,0.7977,0.9974,0.5961,0.8134,59954706
Inf-Net_DP,64,1,True,0.7,297.99,False,,0.3912,0.519,0.5556,0.2871,0.654,1.0,0.7276,0.993,0.5265,0.7871,59954707
Inf-Net_DP,64,2,True,0.7,297.99,False,,0.4268,0.5411,0.5733,0.2559,0.6735,1.0,0.7637,0.9982,0.5687,0.811,59954708
Inf-Net_DP,64,3,True,0.7,297.99,False,,0.3848,0.5009,0.55,0.2921,0.6453,1.0,0.7254,0.9992,0.5237,0.7894,59954709
Inf-Net_DP,72,1,True,0.3,inf,False,,0.4711,0.5727,0.6173,0.1972,0.6408,1.0,0.8434,0.9997,0.6329,0.8123,59954710
Inf-Net_DP,72,2,True,0.3,inf,False,,0.4783,0.5858,0.6196,0.1971,0.6486,1.0,0.8401,1.0,0.6365,0.8256,59954711
Inf-Net_DP,72,3,True,0.3,inf,False,,0.4782,0.5821,0.6213,0.196,0.6418,1.0,0.8415,0.997,0.638,0.8159,59954712
Inf-Net_DP,72,1,True,0.5,535.81,False,,0.4557,0.5519,0.5928,0.2254,0.6555,1.0,0.8048,0.9936,0.6114,0.7995,59954713
Inf-Net_DP,72,2,True,0.5,535.81,False,,0.4322,0.5426,0.584,0.2425,0.6489,1.0,0.787,0.9971,0.5793,0.7939,59954714
Inf-Net_DP,72,3,True,0.5,535.81,False,,0.4304,0.5508,0.5811,0.2561,0.6646,1.0,0.7635,0.9961,0.5747,0.8242,59954715
Inf-Net_DP,72,1,True,0.7,297.99,False,,0.4056,0.5077,0.553,0.2798,0.6615,1.0,0.737,0.9925,0.5479,0.7833,59954716
Inf-Net_DP,72,2,True,0.7,297.99,False,,0.4064,0.5212,0.5633,0.263,0.6374,1.0,0.7627,0.9994,0.551,0.7943,59954717
Inf-Net_DP,72,3,True,0.7,297.99,False,,0.4212,0.5431,0.5734,0.2602,0.6743,1.0,0.7561,0.9948,0.5634,0.8105,59954718
Inf-Net_DP_Morph,24,1,True,0.3,inf,True,both,0.4769,0.5796,0.6153,0.2035,0.6617,1.0,0.8297,0.9971,0.6344,0.8223,59954725
Inf-Net_DP_Morph,24,2,True,0.3,inf,True,both,0.4395,0.5542,0.6066,0.2146,0.6314,1.0,0.8191,0.999,0.5995,0.8099,59954726
Inf-Net_DP_Morph,24,3,True,0.3,inf,True,both,0.4844,0.5869,0.6303,0.1866,0.6452,1.0,0.8468,0.9891,0.6476,0.8386,59954727
Inf-Net_DP_Morph,24,1,True,0.3,inf,True,close,0.4592,0.5625,0.6035,0.2158,0.6399,1.0,0.8132,0.9782,0.6176,0.8054,59954722
Inf-Net_DP_Morph,24,2,True,0.3,inf,True,close,0.4738,0.5781,0.6154,0.2037,0.6539,1.0,0.8268,0.9876,0.6306,0.816,59954723
Inf-Net_DP_Morph,24,3,True,0.3,inf,True,close,0.4591,0.5725,0.6154,0.2021,0.6444,1.0,0.8264,0.9936,0.6187,0.8212,59954724
Inf-Net_DP_Morph,24,1,True,0.3,inf,True,dilation,0.4852,0.59,0.6307,0.1799,0.6289,1.0,0.8618,0.9991,0.6518,0.8343,59954728
Inf-Net_DP_Morph,24,2,True,0.3,inf,True,dilation,0.4906,0.5979,0.6362,0.1817,0.6321,1.0,0.8592,0.9982,0.6568,0.8282,59954729
Inf-Net_DP_Morph,24,3,True,0.3,inf,True,dilation,0.4775,0.5929,0.63,0.1876,0.6242,1.0,0.8544,0.999,0.6401,0.8342,59954730
Inf-Net_DP_Morph,24,1,True,0.3,inf,True,erosion,0.5,0.6031,0.6258,0.1938,0.6777,1.0,0.8363,0.9978,0.6543,0.832,59954731
Inf-Net_DP_Morph,24,2,True,0.3,inf,True,erosion,0.493,0.5891,0.6203,0.1997,0.683,1.0,0.8304,0.9993,0.6472,0.828,59954732
Inf-Net_DP_Morph,24,3,True,0.3,inf,True,erosion,0.4906,0.5993,0.624,0.1969,0.6643,1.0,0.836,0.9987,0.6452,0.8413,59954733
Inf-Net_DP_Morph,24,1,True,0.3,inf,True,open,0.4571,0.5697,0.6072,0.2108,0.6402,1.0,0.8199,0.9947,0.6165,0.8165,59954719
Inf-Net_DP_Morph,24,2,True,0.3,inf,True,open,0.4491,0.5517,0.6007,0.2093,0.6354,1.0,0.8245,0.9977,0.616,0.8114,59954720
Inf-Net_DP_Morph,24,3,True,0.3,inf,True,open,0.4833,0.586,0.6263,0.1906,0.6517,1.0,0.8424,0.9921,0.6442,0.817,59954721
Inf-Net_DP_Morph,24,1,True,0.5,355.21,True,both,0.4453,0.5695,0.5942,0.2296,0.6538,1.0,0.7979,0.9983,0.5951,0.8277,59954740
Inf-Net_DP_Morph,24,2,True,0.5,355.21,True,both,0.4496,0.5618,0.5925,0.2361,0.6711,1.0,0.7883,0.9992,0.595,0.8103,59954741
Inf-Net_DP_Morph,24,3,True,0.5,355.21,True,both,0.4228,0.5322,0.5825,0.2409,0.6424,1.0,0.7839,0.9969,0.5813,0.8011,59954742
Inf-Net_DP_Morph,24,1,True,0.5,355.21,True,close,0.4381,0.5595,0.5838,0.2434,0.6568,1.0,0.7797,0.9897,0.582,0.8022,59954737
Inf-Net_DP_Morph,24,2,True,0.5,355.21,True,close,0.4326,0.5335,0.58,0.2448,0.6526,1.0,0.7851,0.9988,0.584,0.7908,59954738
Inf-Net_DP_Morph,24,3,True,0.5,355.21,True,close,0.4274,0.5436,0.5781,0.2544,0.6692,1.0,0.7665,0.996,0.5705,0.7936,59954739
Inf-Net_DP_Morph,24,1,True,0.5,355.21,True,dilation,0.403,0.5239,0.5783,0.2424,0.6009,1.0,0.7886,0.998,0.5627,0.799,59954743
Inf-Net_DP_Morph,24,2,True,0.5,355.21,True,dilation,0.4233,0.5301,0.583,0.2334,0.614,1.0,0.7953,0.9922,0.5872,0.7944,59954744
Inf-Net_DP_Morph,24,3,True,0.5,355.21,True,dilation,0.4158,0.518,0.5819,0.2364,0.6179,1.0,0.7925,0.9957,0.5825,0.8003,59954745
Inf-Net_DP_Morph,24,1,True,0.5,355.21,True,erosion,0.451,0.5619,0.5842,0.2501,0.6918,1.0,0.7679,0.992,0.5868,0.812,59954746
Inf-Net_DP_Morph,24,2,True,0.5,355.21,True,erosion,0.3917,0.502,0.553,0.2808,0.6524,1.0,0.7354,0.9973,0.534,0.7706,59954747
Inf-Net_DP_Morph,24,3,True,0.5,355.21,True,erosion,0.442,0.5502,0.5837,0.2413,0.6717,1.0,0.7823,0.9958,0.5873,0.803,59954748
Inf-Net_DP_Morph,24,1,True,0.5,355.21,True,open,0.4227,0.539,0.5801,0.2452,0.6387,1.0,0.7818,0.998,0.5735,0.8005,59954734
Inf-Net_DP_Morph,24,2,True,0.5,355.21,True,open,0.4225,0.5226,0.5674,0.2572,0.6629,1.0,0.7674,0.9985,0.5686,0.7787,59954735
Inf-Net_DP_Morph,24,3,True,0.5,355.21,True,open,0.4257,0.5402,0.5749,0.2546,0.6479,1.0,0.7639,0.9723,0.5724,0.8025,59954736
Inf-Net_DP_Morph,24,1,True,0.7,171.89,True,both,0.394,0.5132,0.5537,0.2909,0.6602,1.0,0.7156,0.9924,0.5287,0.7858,59954755
Inf-Net_DP_Morph,24,2,True,0.7,171.89,True,both,0.4057,0.5269,0.5608,0.2787,0.6781,1.0,0.7357,0.9986,0.5363,0.7883,59954756
Inf-Net_DP_Morph,24,3,True,0.7,171.89,True,both,0.3993,0.5248,0.5567,0.2887,0.6709,1.0,0.7188,0.9838,0.5323,0.7883,59954757
Inf-Net_DP_Morph,24,1,True,0.7,171.89,True,close,0.3952,0.5182,0.5445,0.2943,0.6748,1.0,0.7188,0.9989,0.5265,0.7801,59954752
Inf-Net_DP_Morph,24,2,True,0.7,171.89,True,close,0.4152,0.535,0.5654,0.2638,0.6572,1.0,0.7601,0.9991,0.5578,0.7912,59954753
Inf-Net_DP_Morph,24,3,True,0.7,171.89,True,close,0.3985,0.5067,0.5594,0.2756,0.6502,1.0,0.7424,0.9911,0.5427,0.7736,59954754
Inf-Net_DP_Morph,24,1,True,0.7,171.89,True,dilation,0.3485,0.4633,0.5281,0.3125,0.6156,1.0,0.704,0.9988,0.4927,0.747,59954758
Inf-Net_DP_Morph,24,2,True,0.7,171.89,True,dilation,0.3549,0.4727,0.5324,0.3056,0.6278,1.0,0.7044,0.9947,0.5001,0.7569,59954759
Inf-Net_DP_Morph,24,3,True,0.7,171.89,True,dilation,0.3955,0.5128,0.5577,0.2783,0.6431,1.0,0.741,0.9974,0.536,0.7875,59954760
Inf-Net_DP_Morph,24,1,True,0.7,171.89,True,erosion,0.4206,0.5325,0.5629,0.2727,0.6707,1.0,0.7446,0.9919,0.5593,0.7959,59954761
Inf-Net_DP_Morph,24,2,True,0.7,171.89,True,erosion,0.4193,0.5379,0.5517,0.295,0.702,1.0,0.7149,0.9975,0.5417,0.7944,59954762
Inf-Net_DP_Morph,24,3,True,0.7,171.89,True,erosion,0.4004,0.4973,0.5445,0.298,0.6804,1.0,0.7166,0.999,0.5341,0.7605,59954763
Inf-Net_DP_Morph,24,1,True,0.7,171.89,True,open,0.4512,0.5599,0.5856,0.2472,0.6857,1.0,0.7738,0.994,0.5908,0.806,59954749
Inf-Net_DP_Morph,24,2,True,0.7,171.89,True,open,0.439,0.5491,0.5775,0.2505,0.667,1.0,0.7715,0.9943,0.5831,0.8023,59954750
Inf-Net_DP_Morph,24,3,True,0.7,171.89,True,open,0.3835,0.5045,0.5366,0.3109,0.6733,1.0,0.6929,0.9919,0.509,0.7891,59954751
Inf-Net_DP_Morph,48,1,True,0.3,inf,True,both,0.4982,0.6047,0.6409,0.1784,0.6514,1.0,0.86,0.9989,0.6591,0.8284,59954770
Inf-Net_DP_Morph,48,2,True,0.3,inf,True,both,0.4688,0.5642,0.6133,0.2012,0.647,1.0,0.835,0.9984,0.6306,0.8095,59954771
Inf-Net_DP_Morph,48,3,True,0.3,inf,True,both,0.4732,0.5748,0.621,0.1913,0.6422,1.0,0.8468,0.9983,0.6397,0.8196,59954772
Inf-Net_DP_Morph,48,1,True,0.3,inf,True,close,0.4853,0.5922,0.628,0.1892,0.6446,1.0,0.8473,0.9985,0.6477,0.8288,59954767
Inf-Net_DP_Morph,48,2,True,0.3,inf,True,close,0.4847,0.59,0.6296,0.1917,0.645,1.0,0.84,0.9914,0.645,0.8285,59954768
Inf-Net_DP_Morph,48,3,True,0.3,inf,True,close,0.4928,0.6071,0.6339,0.1869,0.6466,1.0,0.8455,0.9908,0.6513,0.8463,59954769
Inf-Net_DP_Morph,48,1,True,0.3,inf,True,dilation,0.476,0.5886,0.6329,0.1811,0.6128,1.0,0.8595,0.9949,0.6437,0.825,59954773
Inf-Net_DP_Morph,48,2,True,0.3,inf,True,dilation,0.4612,0.5782,0.6202,0.1957,0.6106,1.0,0.8441,0.9922,0.6265,0.8082,59954774
Inf-Net_DP_Morph,48,3,True,0.3,inf,True,dilation,0.4723,0.5839,0.6265,0.1916,0.6292,1.0,0.8459,0.9979,0.6337,0.8185,59954775
Inf-Net_DP_Morph,48,1,True,0.3,inf,True,erosion,0.4809,0.5915,0.617,0.2097,0.6824,1.0,0.815,0.997,0.6282,0.8303,59954776
Inf-Net_DP_Morph,48,2,True,0.3,inf,True,erosion,0.4668,0.5693,0.6102,0.2056,0.6562,1.0,0.8253,0.9959,0.6274,0.8284,59954777
Inf-Net_DP_Morph,48,3,True,0.3,inf,True,erosion,0.4832,0.5755,0.6212,0.1947,0.6704,1.0,0.834,0.9926,0.6434,0.8247,59954778
Inf-Net_DP_Morph,48,1,True,0.3,inf,True,open,0.4869,0.5857,0.6249,0.1899,0.6488,1.0,0.8507,0.9997,0.6462,0.8157,59954764
Inf-Net_DP_Morph,48,2,True,0.3,inf,True,open,0.4931,0.6046,0.6285,0.1937,0.6652,1.0,0.8394,0.9992,0.6454,0.8402,59954765
Inf-Net_DP_Morph,48,3,True,0.3,inf,True,open,0.4678,0.5809,0.6207,0.1945,0.6273,1.0,0.8401,0.9951,0.6326,0.8291,59954766
Inf-Net_DP_Morph,48,1,True,0.5,414.22,True,both,0.4126,0.5285,0.5664,0.27,0.6674,1.0,0.7464,0.9984,0.5549,0.8051,59954785
Inf-Net_DP_Morph,48,2,True,0.5,414.22,True,both,0.4092,0.5061,0.5685,0.2506,0.6321,1.0,0.7779,0.9963,0.5655,0.7714,59954786
Inf-Net_DP_Morph,48,3,True,0.5,414.22,True,both,0.452,0.5588,0.5963,0.2284,0.6605,1.0,0.8004,0.9968,0.6046,0.81,59954787
Inf-Net_DP_Morph,48,1,True,0.5,414.22,True,close,0.4334,0.5358,0.5851,0.2447,0.6598,1.0,0.7781,0.9887,0.5799,0.787,59954782
Inf-Net_DP_Morph,48,2,True,0.5,414.22,True,close,0.4236,0.5242,0.5657,0.2582,0.6653,1.0,0.7659,0.9988,0.5704,0.7902,59954783
Inf-Net_DP_Morph,48,3,True,0.5,414.22,True,close,0.4347,0.5426,0.5875,0.2408,0.6581,1.0,0.7854,0.9993,0.588,0.7985,59954784
Inf-Net_DP_Morph,48,1,True,0.5,414.22,True,dilation,0.4196,0.5409,0.588,0.2358,0.6271,1.0,0.7929,0.9976,0.5781,0.8069,59954788
Inf-Net_DP_Morph,48,2,True,0.5,414.22,True,dilation,0.4448,0.5663,0.5967,0.2301,0.6662,1.0,0.7954,0.9911,0.5912,0.811,59954789
Inf-Net_DP_Morph,48,3,True,0.5,414.22,True,dilation,0.4286,0.539,0.5853,0.2364,0.646,1.0,0.7929,0.9987,0.5843,0.7992,59954790
Inf-Net_DP_Morph,48,1,True,0.5,414.22,True,erosion,0.4538,0.5633,0.5889,0.2376,0.6908,1.0,0.7848,0.9997,0.5946,0.8079,59954791
Inf-Net_DP_Morph,48,2,True,0.5,414.22,True,erosion,0.4534,0.5569,0.5897,0.2397,0.6935,1.0,0.7829,0.9989,0.5943,0.7959,59954792
Inf-Net_DP_Morph,48,3,True,0.5,414.22,True,erosion,0.4226,0.5337,0.5624,0.2757,0.6905,1.0,0.739,0.999,0.5538,0.7863,59954793
Inf-Net_DP_Morph,48,1,True,0.5,414.22,True,open,0.4433,0.5543,0.5962,0.2291,0.6457,1.0,0.7974,0.9861,0.5983,0.8148,59954779
Inf-Net_DP_Morph,48,2,True,0.5,414.22,True,open,0.4403,0.5672,0.5879,0.2381,0.6541,1.0,0.7849,0.985,0.5859,0.819,59954780
Inf-Net_DP_Morph,48,3,True,0.5,414.22,True,open,0.4436,0.5583,0.5927,0.2305,0.6488,1.0,0.7986,0.9949,0.5927,0.804,59954781
Inf-Net_DP_Morph,48,1,True,0.7,211.07,True,both,0.3675,0.4804,0.5313,0.3036,0.6401,1.0,0.7058,0.9894,0.5105,0.7779,59954800
Inf-Net_DP_Morph,48,2,True,0.7,211.07,True,both,0.4325,0.5419,0.5872,0.2404,0.6523,1.0,0.7864,0.9982,0.5876,0.789,59954801
Inf-Net_DP_Morph,48,3,True,0.7,211.07,True,both,0.4173,0.5374,0.5752,0.2634,0.6683,1.0,0.7559,0.9988,0.5581,0.8022,59954802
Inf-Net_DP_Morph,48,1,True,0.7,211.07,True,close,0.4262,0.5433,0.5717,0.2674,0.6791,1.0,0.7502,0.9982,0.5617,0.8031,59954797
Inf-Net_DP_Morph,48,2,True,0.7,211.07,True,close,0.3978,0.5291,0.5681,0.2719,0.652,1.0,0.7482,0.9991,0.5367,0.8011,59954798
Inf-Net_DP_Morph,48,3,True,0.7,211.07,True,close,0.3965,0.5177,0.5523,0.2859,0.6605,1.0,0.7286,0.9989,0.5335,0.7875,59954799
Inf-Net_DP_Morph,48,1,True,0.7,211.07,True,dilation,0.4051,0.5237,0.5567,0.2723,0.6379,1.0,0.7505,0.9959,0.5519,0.7884,59954803
Inf-Net_DP_Morph,48,2,True,0.7,211.07,True,dilation,0.4091,0.5135,0.5674,0.2573,0.6468,1.0,0.7673,0.9987,0.5601,0.7825,59954804
Inf-Net_DP_Morph,48,3,True,0.7,211.07,True,dilation,0.4097,0.5298,0.5735,0.247,0.6235,1.0,0.775,0.9803,0.5705,0.7986,59954805
Inf-Net_DP_Morph,48,1,True,0.7,211.07,True,erosion,0.4031,0.5248,0.552,0.2924,0.698,1.0,0.7153,0.9958,0.5257,0.7704,59954806
Inf-Net_DP_Morph,48,2,True,0.7,211.07,True,erosion,0.4208,0.5221,0.5662,0.2682,0.6837,1.0,0.7498,0.9951,0.5603,0.7739,59954807
Inf-Net_DP_Morph,48,3,True,0.7,211.07,True,erosion,0.4004,0.5198,0.5475,0.2991,0.6971,1.0,0.7081,0.9976,0.5266,0.7913,59954808
Inf-Net_DP_Morph,48,1,True,0.7,211.07,True,open,0.3786,0.495,0.5533,0.2834,0.653,1.0,0.7308,0.9981,0.5204,0.7698,59954794
Inf-Net_DP_Morph,48,2,True,0.7,211.07,True,open,0.4369,0.5413,0.5768,0.255,0.677,1.0,0.7686,0.9981,0.577,0.7842,59954795
Inf-Net_DP_Morph,48,3,True,0.7,211.07,True,open,0.4132,0.5269,0.5588,0.2803,0.6765,1.0,0.7356,0.9945,0.5463,0.7901,59954796
Inf-Net_DP_Morph,64,1,True,0.3,inf,True,both,0.4565,0.5554,0.608,0.1981,0.6276,1.0,0.843,0.9989,0.6265,0.8126,59954815
Inf-Net_DP_Morph,64,2,True,0.3,inf,True,both,0.4729,0.5766,0.6158,0.2013,0.6409,1.0,0.8311,0.9946,0.6352,0.832,59954816
Inf-Net_DP_Morph,64,3,True,0.3,inf,True,both,0.4561,0.5649,0.6096,0.2045,0.6357,1.0,0.8268,0.9933,0.6202,0.8289,59954817
Inf-Net_DP_Morph,64,1,True,0.3,inf,True,close,0.4509,0.5513,0.6097,0.1994,0.6231,1.0,0.8387,0.9949,0.6222,0.8164,59954812
Inf-Net_DP_Morph,64,2,True,0.3,inf,True,close,0.4653,0.5781,0.621,0.199,0.6423,1.0,0.8363,0.9985,0.6233,0.817,59954813
Inf-Net_DP_Morph,64,3,True,0.3,inf,True,close,0.4688,0.5795,0.6184,0.1988,0.6461,1.0,0.8345,0.9985,0.6297,0.8345,59954814
Inf-Net_DP_Morph,64,1,True,0.3,inf,True,dilation,0.4823,0.5945,0.6381,0.1803,0.6355,1.0,0.8559,0.997,0.6477,0.8418,59954818
Inf-Net_DP_Morph,64,2,True,0.3,inf,True,dilation,0.4851,0.5889,0.6323,0.1785,0.6223,1.0,0.8637,0.998,0.6549,0.8268,59954819
Inf-Net_DP_Morph,64,3,True,0.3,inf,True,dilation,0.4671,0.5768,0.6239,0.1845,0.599,1.0,0.8551,0.9862,0.643,0.8181,59954820
Inf-Net_DP_Morph,64,1,True,0.3,inf,True,erosion,0.5134,0.6168,0.636,0.1836,0.6842,1.0,0.8472,0.999,0.6683,0.848,59954821
Inf-Net_DP_Morph,64,2,True,0.3,inf,True,erosion,0.4874,0.6033,0.6223,0.2057,0.6853,1.0,0.82,0.9968,0.6325,0.8402,59954822
Inf-Net_DP_Morph,64,3,True,0.3,inf,True,erosion,0.4766,0.5843,0.6138,0.2044,0.6683,1.0,0.8253,0.9981,0.63,0.8262,59954823
Inf-Net_DP_Morph,64,1,True,0.3,inf,True,open,0.4962,0.5882,0.6334,0.1788,0.6349,1.0,0.8629,0.9946,0.6623,0.8185,59954809
Inf-Net_DP_Morph,64,2,True,0.3,inf,True,open,0.4809,0.5876,0.6218,0.1962,0.6454,1.0,0.8392,0.9995,0.6406,0.8349,59954810
Inf-Net_DP_Morph,64,3,True,0.3,inf,True,open,0.4964,0.607,0.6342,0.1856,0.6561,1.0,0.852,0.9989,0.653,0.8343,59954811
Inf-Net_DP_Morph,64,1,True,0.5,535.81,True,both,0.4301,0.5533,0.5872,0.2408,0.6402,1.0,0.7797,0.9699,0.5797,0.7976,59954830
Inf-Net_DP_Morph,64,2,True,0.5,535.81,True,both,0.456,0.5559,0.6006,0.2242,0.6569,1.0,0.8052,0.9949,0.6084,0.8002,59954831
Inf-Net_DP_Morph,64,3,True,0.5,535.81,True,both,0.4665,0.5588,0.6073,0.212,0.6615,1.0,0.8197,0.9962,0.6229,0.8014,59954832
Inf-Net_DP_Morph,64,1,True,0.5,535.81,True,close,0.4577,0.5728,0.6031,0.2263,0.6617,1.0,0.8008,0.9971,0.6055,0.8178,59954827
Inf-Net_DP_Morph,64,2,True,0.5,535.81,True,close,0.444,0.5506,0.5938,0.2274,0.6441,1.0,0.8041,0.9962,0.5996,0.8022,59954828
Inf-Net_DP_Morph,64,3,True,0.5,535.81,True,close,0.4595,0.5768,0.6044,0.2229,0.6654,1.0,0.8058,0.9984,0.6064,0.8166,59954829
Inf-Net_DP_Morph,64,1,True,0.5,535.81,True,dilation,0.4204,0.5408,0.5844,0.2452,0.6445,1.0,0.776,0.9941,0.5711,0.799,59954833
Inf-Net_DP_Morph,64,2,True,0.5,535.81,True,dilation,0.4619,0.5739,0.6132,0.2105,0.6433,1.0,0.8252,0.9978,0.6163,0.8094,59954834
Inf-Net_DP_Morph,64,3,True,0.5,535.81,True,dilation,0.4344,0.5424,0.591,0.2223,0.6116,1.0,0.8106,0.9905,0.5967,0.7913,59954835
Inf-Net_DP_Morph,64,1,True,0.5,535.81,True,erosion,0.4585,0.5655,0.5927,0.2375,0.6932,1.0,0.7854,0.9987,0.5973,0.8074,59954836
Inf-Net_DP_Morph,64,2,True,0.5,535.81,True,erosion,0.4205,0.5384,0.5664,0.2705,0.6861,1.0,0.7455,0.9992,0.5538,0.8047,59954837
Inf-Net_DP_Morph,64,3,True,0.5,535.81,True,erosion,0.4289,0.55,0.5676,0.2731,0.7003,1.0,0.7381,0.996,0.5586,0.8125,59954838
Inf-Net_DP_Morph,64,1,True,0.5,535.81,True,open,0.4403,0.5459,0.5898,0.2298,0.6475,1.0,0.8001,0.9955,0.5959,0.8007,59954824
Inf-Net_DP_Morph,64,2,True,0.5,535.81,True,open,0.4141,0.5315,0.5712,0.2586,0.639,1.0,0.7679,0.999,0.5585,0.7978,59954825
Inf-Net_DP_Morph,64,3,True,0.5,535.81,True,open,0.4259,0.5338,0.5779,0.2503,0.6607,1.0,0.7735,0.9986,0.5719,0.7953,59954826
Inf-Net_DP_Morph,64,1,True,0.7,297.99,True,both,0.4322,0.5329,0.5705,0.2619,0.6848,1.0,0.7553,0.9874,0.5723,0.7762,59954845
Inf-Net_DP_Morph,64,2,True,0.7,297.99,True,both,0.3989,0.5223,0.5517,0.2955,0.6771,1.0,0.7151,0.9953,0.5271,0.7947,59954846
Inf-Net_DP_Morph,64,3,True,0.7,297.99,True,both,0.3926,0.5144,0.5534,0.285,0.6436,1.0,0.7313,0.997,0.5327,0.7818,59954847
Inf-Net_DP_Morph,64,1,True,0.7,297.99,True,close,0.4275,0.5406,0.5737,0.2608,0.6623,1.0,0.7605,0.9972,0.568,0.7921,59954842
Inf-Net_DP_Morph,64,2,True,0.7,297.99,True,close,0.4178,0.5354,0.5693,0.2721,0.6773,1.0,0.7449,0.9984,0.5512,0.7916,59954843
Inf-Net_DP_Morph,64,3,True,0.7,297.99,True,close,0.371,0.4838,0.5293,0.319,0.6528,1.0,0.6884,0.9898,0.4971,0.7521,59954844
Inf-Net_DP_Morph,64,1,True,0.7,297.99,True,dilation,0.358,0.4822,0.5457,0.2895,0.6181,1.0,0.7257,0.9947,0.5078,0.7738,59954848
Inf-Net_DP_Morph,64,2,True,0.7,297.99,True,dilation,0.4218,0.5389,0.5832,0.2468,0.629,1.0,0.7815,0.9971,0.5711,0.7859,59954849
Inf-Net_DP_Morph,64,3,True,0.7,297.99,True,dilation,0.4424,0.5483,0.581,0.2479,0.6677,1.0,0.7751,0.9907,0.5872,0.7936,59954850
Inf-Net_DP_Morph,64,1,True,0.7,297.99,True,erosion,0.4041,0.5081,0.5555,0.2843,0.6834,1.0,0.728,0.9962,0.5406,0.7757,59954851
Inf-Net_DP_Morph,64,2,True,0.7,297.99,True,erosion,0.4181,0.5253,0.5567,0.2851,0.706,1.0,0.7224,0.9939,0.5451,0.7922,59954852
Inf-Net_DP_Morph,64,3,True,0.7,297.99,True,erosion,0.397,0.4946,0.5525,0.276,0.6421,1.0,0.7458,0.9978,0.5458,0.7869,59954853
Inf-Net_DP_Morph,64,1,True,0.7,297.99,True,open,0.4136,0.529,0.5561,0.286,0.6855,1.0,0.726,0.9951,0.5455,0.7913,59954839
Inf-Net_DP_Morph,64,2,True,0.7,297.99,True,open,0.429,0.5375,0.5777,0.2536,0.6699,1.0,0.7696,0.9992,0.572,0.7849,59954840
Inf-Net_DP_Morph,64,3,True,0.7,297.99,True,open,0.3906,0.5112,0.547,0.2916,0.6531,1.0,0.7226,0.9954,0.5262,0.78,59954841
Inf-Net_DP_Morph,72,1,True,0.3,inf,True,both,0.4865,0.5935,0.6311,0.1836,0.6274,1.0,0.8567,0.9992,0.653,0.828,59954860
Inf-Net_DP_Morph,72,2,True,0.3,inf,True,both,0.502,0.6023,0.636,0.1851,0.6615,1.0,0.854,0.9995,0.656,0.812,59954861
Inf-Net_DP_Morph,72,3,True,0.3,inf,True,both,0.4668,0.5752,0.6152,0.1976,0.6283,1.0,0.8372,0.9931,0.634,0.8304,59954862
Inf-Net_DP_Morph,72,1,True,0.3,inf,True,close,0.4781,0.5832,0.6196,0.1982,0.6522,1.0,0.835,0.9962,0.6371,0.8307,59954857
Inf-Net_DP_Morph,72,2,True,0.3,inf,True,close,0.4642,0.5765,0.615,0.2047,0.639,1.0,0.8285,0.9968,0.6222,0.8303,59954858
Inf-Net_DP_Morph,72,3,True,0.3,inf,True,close,0.4702,0.5731,0.6165,0.1981,0.6332,1.0,0.8351,0.9834,0.6327,0.8188,59954859
Inf-Net_DP_Morph,72,1,True,0.3,inf,True,dilation,0.4815,0.5868,0.631,0.1866,0.6415,1.0,0.8499,0.9928,0.6449,0.831,59954863
Inf-Net_DP_Morph,72,2,True,0.3,inf,True,dilation,0.4643,0.5718,0.6189,0.1935,0.6247,1.0,0.8449,0.9972,0.6303,0.8251,59954864
Inf-Net_DP_Morph,72,3,True,0.3,inf,True,dilation,0.4618,0.5727,0.6249,0.1892,0.6028,1.0,0.8561,0.9964,0.6316,0.8159,59954865
Inf-Net_DP_Morph,72,1,True,0.3,inf,True,erosion,0.4968,0.6042,0.6319,0.1899,0.6784,1.0,0.8419,0.9999,0.6481,0.8382,59954866
Inf-Net_DP_Morph,72,2,True,0.3,inf,True,erosion,0.48,0.5821,0.6114,0.2122,0.6755,1.0,0.8168,0.9989,0.6294,0.8242,59954867
Inf-Net_DP_Morph,72,3,True,0.3,inf,True,erosion,0.4841,0.5786,0.6167,0.1979,0.6627,1.0,0.8349,0.9967,0.6441,0.8199,59954868
Inf-Net_DP_Morph,72,1,True,0.3,inf,True,open,0.4678,0.5663,0.621,0.1912,0.6297,1.0,0.847,0.9974,0.6348,0.8182,59954854
Inf-Net_DP_Morph,72,2,True,0.3,inf,True,open,0.502,0.6079,0.6384,0.1828,0.6592,1.0,0.8557,0.9998,0.6569,0.8307,59954855
Inf-Net_DP_Morph,72,3,True,0.3,inf,True,open,0.4954,0.5909,0.6343,0.1791,0.6468,1.0,0.8624,0.9998,0.6576,0.8265,59954856
Inf-Net_DP_Morph,72,1,True,0.5,535.81,True,both,0.4516,0.5514,0.5988,0.219,0.6431,1.0,0.8124,0.9911,0.6086,0.7941,59954875
Inf-Net_DP_Morph,72,2,True,0.5,535.81,True,both,0.4625,0.5751,0.6049,0.2199,0.6552,1.0,0.8105,0.9962,0.6126,0.8053,59954876
Inf-Net_DP_Morph,72,3,True,0.5,535.81,True,both,0.4594,0.5673,0.5993,0.2298,0.6755,1.0,0.7969,0.9984,0.6055,0.8115,59954877
Inf-Net_DP_Morph,72,1,True,0.5,535.81,True,close,0.4409,0.5416,0.5886,0.2323,0.6588,1.0,0.7945,0.9943,0.5953,0.7969,59954872
Inf-Net_DP_Morph,72,2,True,0.5,535.81,True,close,0.4259,0.5332,0.5861,0.2363,0.645,1.0,0.7839,0.9919,0.5825,0.7988,59954873
Inf-Net_DP_Morph,72,3,True,0.5,535.81,True,close,0.4287,0.5333,0.5768,0.2465,0.6431,1.0,0.7845,1.0,0.5782,0.793,59954874
Inf-Net_DP_Morph,72,1,True,0.5,535.81,True,dilation,0.4334,0.5462,0.5911,0.2349,0.6426,1.0,0.7935,0.9985,0.5868,0.8138,59954878
Inf-Net_DP_Morph,72,2,True,0.5,535.81,True,dilation,0.4453,0.5634,0.5989,0.2178,0.6237,1.0,0.8188,0.9975,0.6053,0.8098,59954879
Inf-Net_DP_Morph,72,3,True,0.5,535.81,True,dilation,0.4288,0.5485,0.5915,0.2329,0.6176,1.0,0.7956,0.993,0.586,0.8036,59954880
Inf-Net_DP_Morph,72,1,True,0.5,535.81,True,erosion,0.4427,0.5538,0.5842,0.2457,0.684,1.0,0.771,0.9832,0.5848,0.7979,59954881
Inf-Net_DP_Morph,72,2,True,0.5,535.81,True,erosion,0.4443,0.5441,0.5809,0.2466,0.6894,1.0,0.773,0.9951,0.5871,0.7973,59954882
Inf-Net_DP_Morph,72,3,True,0.5,535.81,True,erosion,0.4676,0.5711,0.5931,0.2366,0.6971,1.0,0.7845,0.9954,0.6086,0.8136,59954883
Inf-Net_DP_Morph,72,1,True,0.5,535.81,True,open,0.4329,0.5446,0.5854,0.2367,0.6377,1.0,0.7959,0.9994,0.5879,0.8018,59954869
Inf-Net_DP_Morph,72,2,True,0.5,535.81,True,open,0.4133,0.5155,0.5637,0.2633,0.6634,1.0,0.7576,0.9995,0.5623,0.7938,59954870
Inf-Net_DP_Morph,72,3,True,0.5,535.81,True,open,0.4467,0.5476,0.5974,0.2218,0.6367,1.0,0.8112,0.9878,0.6063,0.7924,59954871
Inf-Net_DP_Morph,72,1,True,0.7,297.99,True,both,0.3865,0.4939,0.5532,0.2808,0.6419,1.0,0.7413,0.999,0.5338,0.7696,59954890
Inf-Net_DP_Morph,72,2,True,0.7,297.99,True,both,0.3944,0.5159,0.5518,0.2911,0.6591,1.0,0.7231,0.999,0.5277,0.7932,59954891
Inf-Net_DP_Morph,72,3,True,0.7,297.99,True,both,0.3878,0.4925,0.5459,0.2827,0.6386,1.0,0.7364,0.9964,0.5333,0.7766,59954892
Inf-Net_DP_Morph,72,1,True,0.7,297.99,True,close,0.4222,0.5413,0.5774,0.2561,0.668,1.0,0.7667,0.9997,0.5612,0.7805,59954887
Inf-Net_DP_Morph,72,2,True,0.7,297.99,True,close,0.3908,0.4938,0.5484,0.2877,0.6539,1.0,0.7262,0.9949,0.5329,0.7721,59954888
Inf-Net_DP_Morph,72,3,True,0.7,297.99,True,close,0.381,0.488,0.5405,0.3012,0.6647,1.0,0.7076,0.9952,0.5183,0.7812,59954889
Inf-Net_DP_Morph,72,1,True,0.7,297.99,True,dilation,0.3828,0.4878,0.5428,0.289,0.6347,1.0,0.728,0.9908,0.5309,0.768,59954893
Inf-Net_DP_Morph,72,2,True,0.7,297.99,True,dilation,0.3614,0.4739,0.5362,0.3005,0.6211,1.0,0.7093,0.9758,0.5066,0.7802,59954894
Inf-Net_DP_Morph,72,3,True,0.7,297.99,True,dilation,0.4131,0.5253,0.5746,0.2484,0.6307,1.0,0.7824,0.9996,0.5681,0.7914,59954895
Inf-Net_DP_Morph,72,1,True,0.7,297.99,True,erosion,0.4116,0.5249,0.5627,0.2767,0.6835,1.0,0.731,0.9728,0.5465,0.7967,59954896
Inf-Net_DP_Morph,72,2,True,0.7,297.99,True,erosion,0.4035,0.5172,0.5596,0.2753,0.6717,1.0,0.7407,0.9995,0.5422,0.7865,59954897
Inf-Net_DP_Morph,72,3,True,0.7,297.99,True,erosion,0.3823,0.4906,0.5421,0.2901,0.6511,1.0,0.725,0.9877,0.5262,0.7825,59954898
Inf-Net_DP_Morph,72,1,True,0.7,297.99,True,open,0.4098,0.523,0.5685,0.2654,0.6576,1.0,0.7542,0.9983,0.5535,0.8009,59954884
Inf-Net_DP_Morph,72,2,True,0.7,297.99,True,open,0.4337,0.5396,0.5838,0.2383,0.6526,1.0,0.7871,0.9901,0.5853,0.7862,59954885
Inf-Net_DP_Morph,72,3,True,0.7,297.99,True,open,0.4003,0.5252,0.5539,0.2903,0.6724,1.0,0.7206,0.9969,0.5293,0.7941,59954886
Inf-Net_Morph,24,1,False,,,True,both,0.5979,0.6692,0.7032,0.1349,0.6863,1.0,0.8842,0.9942,0.7606,0.8672,59954917
Inf-Net_Morph,24,2,False,,,True,both,0.6104,0.6825,0.7096,0.1328,0.7112,1.0,0.8759,0.9798,0.7588,0.8634,59954918
Inf-Net_Morph,24,3,False,,,True,both,0.6046,0.6755,0.7097,0.1259,0.6854,1.0,0.8914,0.9928,0.7702,0.878,59954919
Inf-Net_Morph,24,1,False,,,True,close,0.601,0.6775,0.7013,0.1346,0.7054,1.0,0.8821,0.9954,0.7618,0.8894,59954929
Inf-Net_Morph,24,2,False,,,True,close,0.5614,0.6595,0.6966,0.1341,0.6136,1.0,0.8994,0.9939,0.7333,0.8763,59954930
Inf-Net_Morph,24,3,False,,,True,close,0.5822,0.6628,0.7082,0.127,0.6341,1.0,0.8977,0.9978,0.7475,0.8591,59954931
Inf-Net_Morph,24,1,False,,,True,dilation,0.5705,0.6568,0.6844,0.1484,0.6653,1.0,0.8691,0.9903,0.7332,0.8634,59954941
Inf-Net_Morph,24,2,False,,,True,dilation,0.5666,0.6364,0.6493,0.1818,0.783,1.0,0.8142,0.9804,0.6954,0.8326,59954942
Inf-Net_Morph,24,3,False,,,True,dilation,0.5511,0.6441,0.6863,0.1401,0.6043,1.0,0.8952,0.9955,0.7247,0.8571,59954943
Inf-Net_Morph,24,1,False,,,True,erosion,0.5853,0.6614,0.6764,0.1502,0.7311,1.0,0.8575,0.9984,0.7401,0.8716,59954953
Inf-Net_Morph,24,2,False,,,True,erosion,0.5974,0.6586,0.6874,0.138,0.7377,1.0,0.8666,0.9903,0.7557,0.8637,59954954
Inf-Net_Morph,24,3,False,,,True,erosion,0.6067,0.677,0.7189,0.1201,0.6718,1.0,0.9049,0.9989,0.7797,0.8931,59954955
Inf-Net_Morph,24,1,False,,,True,open,0.5785,0.6589,0.6954,0.1391,0.659,1.0,0.882,0.9969,0.7454,0.8779,59954965
Inf-Net_Morph,24,2,False,,,True,open,0.6045,0.6735,0.6926,0.1382,0.7302,1.0,0.8532,0.9699,0.7505,0.8564,59954966
Inf-Net_Morph,24,3,False,,,True,open,0.5923,0.6613,0.6937,0.1359,0.7003,1.0,0.8766,0.9959,0.7535,0.8692,59954967
Inf-Net_Morph,48,1,False,,,True,both,0.5564,0.6417,0.6701,0.1574,0.675,1.0,0.8592,0.9981,0.7163,0.8595,59954920
Inf-Net_Morph,48,2,False,,,True,both,0.5459,0.6311,0.6707,0.1479,0.6346,1.0,0.8736,0.9872,0.7163,0.8582,59954921
Inf-Net_Morph,48,3,False,,,True,both,0.5422,0.6283,0.6561,0.1657,0.6563,1.0,0.8525,0.9968,0.7001,0.8308,59954922
Inf-Net_Morph,48,1,False,,,True,close,0.5479,0.6353,0.6699,0.1575,0.6646,1.0,0.8643,0.9918,0.7119,0.8586,59954932
Inf-Net_Morph,48,2,False,,,True,close,0.5441,0.6092,0.6599,0.16,0.6619,1.0,0.8528,0.9883,0.7009,0.8027,59954933
Inf-Net_Morph,48,3,False,,,True,close,0.5257,0.6125,0.6447,0.1834,0.6891,1.0,0.8217,0.961,0.6818,0.8305,59954934
Inf-Net_Morph,48,1,False,,,True,dilation,0.521,0.6215,0.6458,0.1793,0.666,1.0,0.83,0.9788,0.6725,0.8368,59954944
Inf-Net_Morph,48,2,False,,,True,dilation,0.5705,0.6467,0.6641,0.1611,0.7213,1.0,0.8426,0.9898,0.7241,0.8511,59954945
Inf-Net_Morph,48,3,False,,,True,dilation,0.5352,0.6118,0.651,0.1685,0.6633,1.0,0.8501,0.9986,0.7041,0.8329,59954946
Inf-Net_Morph,48,1,False,,,True,erosion,0.5448,0.6393,0.6701,0.159,0.6711,1.0,0.8616,0.9978,0.7058,0.8485,59954956
Inf-Net_Morph,48,2,False,,,True,erosion,0.5469,0.6231,0.6496,0.1717,0.7361,1.0,0.8337,0.9949,0.6936,0.8322,59954957
Inf-Net_Morph,48,3,False,,,True,erosion,0.57,0.6473,0.6528,0.1706,0.7816,1.0,0.8244,0.9865,0.7082,0.8547,59954958
Inf-Net_Morph,48,1,False,,,True,open,0.5557,0.6371,0.6744,0.1472,0.6589,1.0,0.868,0.9738,0.7252,0.857,59954968
Inf-Net_Morph,48,2,False,,,True,open,0.5497,0.6258,0.6465,0.177,0.7317,1.0,0.8244,0.994,0.6963,0.8374,59954969
Inf-Net_Morph,48,3,False,,,True,open,0.5084,0.6062,0.6421,0.186,0.6495,1.0,0.8392,0.9947,0.6757,0.8432,59954970
Inf-Net_Morph,64,1,False,,,True,both,0.4998,0.5794,0.6362,0.1773,0.6158,1.0,0.8401,0.9752,0.6836,0.8323,59954923
Inf-Net_Morph,64,2,False,,,True,both,0.5131,0.5851,0.6411,0.1621,0.6041,1.0,0.8608,0.9909,0.6977,0.8082,59954924
Inf-Net_Morph,64,3,False,,,True,both,0.5139,0.5852,0.6429,0.1655,0.6098,1.0,0.8526,0.9992,0.6936,0.8109,59954925
Inf-Net_Morph,64,1,False,,,True,close,0.5322,0.6068,0.6434,0.1701,0.6477,1.0,0.8462,0.9801,0.6986,0.8151,59954935
Inf-Net_Morph,64,2,False,,,True,close,0.5095,0.5865,0.6425,0.1713,0.6092,1.0,0.8493,0.9952,0.6767,0.7859,59954936
Inf-Net_Morph,64,3,False,,,True,close,0.5273,0.599,0.6473,0.168,0.6402,1.0,0.8501,0.9939,0.697,0.8237,59954937
Inf-Net_Morph,64,1,False,,,True,dilation,0.4932,0.5803,0.6389,0.1651,0.5581,1.0,0.8659,0.9845,0.6786,0.8069,59954947
Inf-Net_Morph,64,2,False,,,True,dilation,0.5046,0.6045,0.6501,0.1562,0.557,1.0,0.8671,0.9631,0.6792,0.8201,59954948
Inf-Net_Morph,64,3,False,,,True,dilation,0.5215,0.5941,0.6442,0.1641,0.6065,1.0,0.8622,0.9934,0.7005,0.8216,59954949
Inf-Net_Morph,64,1,False,,,True,erosion,0.5283,0.5957,0.6481,0.1638,0.6414,1.0,0.8505,0.9891,0.7058,0.8178,59954959
Inf-Net_Morph,64,2,False,,,True,erosion,0.5229,0.5919,0.6481,0.1629,0.6405,1.0,0.8554,0.9936,0.7039,0.824,59954960
Inf-Net_Morph,64,3,False,,,True,erosion,0.5253,0.5856,0.6418,0.1679,0.6489,1.0,0.84,0.9663,0.6984,0.8076,59954961
Inf-Net_Morph,64,1,False,,,True,open,0.5235,0.5934,0.6504,0.1579,0.6082,1.0,0.8658,0.9943,0.7035,0.8094,59954971
Inf-Net_Morph,64,2,False,,,True,open,0.503,0.5804,0.6394,0.17,0.5988,1.0,0.853,0.9823,0.6859,0.8229,59954972
Inf-Net_Morph,64,3,False,,,True,open,0.5204,0.5935,0.6445,0.1655,0.6155,1.0,0.856,0.9944,0.6969,0.8145,59954973
Inf-Net_Morph,72,1,False,,,True,both,0.5252,0.5953,0.6428,0.1736,0.6424,1.0,0.8446,0.9922,0.6918,0.8158,59954926
Inf-Net_Morph,72,2,False,,,True,both,0.5089,0.5826,0.6381,0.1727,0.6196,1.0,0.8459,0.996,0.6801,0.7999,59954927
Inf-Net_Morph,72,3,False,,,True,both,0.5169,0.5926,0.6432,0.1647,0.6085,1.0,0.857,0.9937,0.6986,0.8244,59954928
Inf-Net_Morph,72,1,False,,,True,close,0.5147,0.585,0.641,0.1696,0.6276,1.0,0.8486,0.9893,0.6921,0.817,59954938
Inf-Net_Morph,72,2,False,,,True,close,0.4925,0.5695,0.6324,0.1768,0.5857,1.0,0.847,0.9978,0.6772,0.8045,59954939
Inf-Net_Morph,72,3,False,,,True,close,0.5195,0.5969,0.645,0.1656,0.6119,1.0,0.8584,0.9826,0.6959,0.8215,59954940
Inf-Net_Morph,72,1,False,,,True,dilation,0.5006,0.5833,0.6368,0.1669,0.5751,1.0,0.8587,0.988,0.681,0.8077,59954950
Inf-Net_Morph,72,2,False,,,True,dilation,0.4989,0.5778,0.6388,0.1629,0.5731,1.0,0.8641,0.9815,0.6787,0.8014,59954951
Inf-Net_Morph,72,3,False,,,True,dilation,0.5089,0.585,0.6465,0.16,0.582,1.0,0.8632,0.9741,0.6823,0.7921,59954952
Inf-Net_Morph,72,1,False,,,True,erosion,0.5086,0.5825,0.6408,0.1622,0.6118,1.0,0.8583,0.9765,0.7007,0.8448,59954962
Inf-Net_Morph,72,2,False,,,True,erosion,0.524,0.5958,0.6405,0.1766,0.6539,1.0,0.8351,0.9888,0.6897,0.8218,59954963
Inf-Net_Morph,72,3,False,,,True,erosion,0.5344,0.604,0.6447,0.171,0.6654,1.0,0.8421,0.9923,0.702,0.8294,59954964
Inf-Net_Morph,72,1,False,,,True,open,0.5208,0.5946,0.6417,0.1735,0.6328,1.0,0.8411,0.9806,0.689,0.8052,59954974
Inf-Net_Morph,72,2,False,,,True,open,0.5203,0.5919,0.6434,0.1657,0.6186,1.0,0.8531,0.9919,0.6999,0.8229,59954975
Inf-Net_Morph,72,3,False,,,True,open,0.5127,0.5911,0.6378,0.1724,0.6145,1.0,0.8467,0.9802,0.6876,0.8181,59954976
